SQL> select * from profesor
  2  ;

       DNI P                                                                    
---------- ------------------------------------------------------------         
       CAR CAT                                                                  
---------- -----                                                                
      4040 CARMELO                                                              
         7 TU                                                                   
                                                                                
      1111 JUAN                                                                 
         6 CU                                                                   
                                                                                
      2222 CARLOS                                                               
         7 TU                                                                   
                                                                                

       DNI P                                                                    
---------- ------------------------------------------------------------         
       CAR CAT                                                                  
---------- -----                                                                
      3333 PEDRO                                                                
         4 TEU                                                                  
                                                                                
      4444 MAR??A                                                               
         7 TU                                                                   
                                                                                
      5555 IVAN                                                                 
         1 CEU                                                                  
                                                                                

       DNI P                                                                    
---------- ------------------------------------------------------------         
       CAR CAT                                                                  
---------- -----                                                                
      6666 CARMEN                                                               
         3 CD                                                                   
                                                                                
      7777 MARIO                                                                
         2 TU                                                                   
                                                                                
      8888 FRANCISCO                                                            
         5 TU                                                                   
                                                                                

       DNI P                                                                    
---------- ------------------------------------------------------------         
       CAR CAT                                                                  
---------- -----                                                                
      9999 ANGELA                                                               
         8 TEU                                                                  
                                                                                
      1010 DAVID                                                                
         4 TU                                                                   
                                                                                
      2020 SOLEDAD                                                              
         7 CU                                                                   
                                                                                

       DNI P                                                                    
---------- ------------------------------------------------------------         
       CAR CAT                                                                  
---------- -----                                                                
      3030 JOSE MANUEL                                                          
         6 TEU                                                                  
                                                                                

13 rows selected.

SQL> set linesize 500
SQL> set pagesize 500
SQL> select * from PROFESOR;

       DNI P                                                                   CAR CAT                                                                                                                                                                                                                                                                                                                                                                                                                              
---------- ------------------------------------------------------------ ---------- -----                                                                                                                                                                                                                                                                                                                                                                                                                            
      4040 CARMELO                                                               7 TU                                                                                                                                                                                                                                                                                                                                                                                                                               
      1111 JUAN                                                                  6 CU                                                                                                                                                                                                                                                                                                                                                                                                                               
      2222 CARLOS                                                                7 TU                                                                                                                                                                                                                                                                                                                                                                                                                               
      3333 PEDRO                                                                 4 TEU                                                                                                                                                                                                                                                                                                                                                                                                                              
      4444 MAR??A                                                                7 TU                                                                                                                                                                                                                                                                                                                                                                                                                               
      5555 IVAN                                                                  1 CEU                                                                                                                                                                                                                                                                                                                                                                                                                              
      6666 CARMEN                                                                3 CD                                                                                                                                                                                                                                                                                                                                                                                                                               
      7777 MARIO                                                                 2 TU                                                                                                                                                                                                                                                                                                                                                                                                                               
      8888 FRANCISCO                                                             5 TU                                                                                                                                                                                                                                                                                                                                                                                                                               
      9999 ANGELA                                                                8 TEU                                                                                                                                                                                                                                                                                                                                                                                                                              
      1010 DAVID                                                                 4 TU                                                                                                                                                                                                                                                                                                                                                                                                                               
      2020 SOLEDAD                                                               7 CU                                                                                                                                                                                                                                                                                                                                                                                                                               
      3030 JOSE MANUEL                                                           6 TEU                                                                                                                                                                                                                                                                                                                                                                                                                              

13 rows selected.

SQL> INSERT INTO PROFESOR (DNI,P,CAR,CAT) VALUES(5050,'CARINA',8,'CEU');
INSERT INTO PROFESOR (DNI,P,CAR,CAT) VALUES(5050,'CARINA',8,'CEU')
*
ERROR at line 1:
ORA-00001: unique constraint (ALU0101105802.SYS_C00138524) violated 


SQL> l
  1* INSERT INTO PROFESOR (DNI,P,CAR,CAT) VALUES(5050,'CARINA',8,'CEU')
SQL> 
SQL> 
SQL> 
SQL> 
SQL> ;
  1* INSERT INTO PROFESOR (DNI,P,CAR,CAT) VALUES(5050,'CARINA',8,'CEU')
SQL> select * from PROFESOR;

       DNI P                                                                   CAR CAT                                                                                                                                                                                                                                                                                                                                                                                                                              
---------- ------------------------------------------------------------ ---------- -----                                                                                                                                                                                                                                                                                                                                                                                                                            
      4040 CARMELO                                                               7 TU                                                                                                                                                                                                                                                                                                                                                                                                                               
      5050 CARINA                                                                8 CEU                                                                                                                                                                                                                                                                                                                                                                                                                              
      1111 JUAN                                                                  6 CU                                                                                                                                                                                                                                                                                                                                                                                                                               
      2222 CARLOS                                                                7 TU                                                                                                                                                                                                                                                                                                                                                                                                                               
      3333 PEDRO                                                                 4 TEU                                                                                                                                                                                                                                                                                                                                                                                                                              
      4444 MAR??A                                                                7 TU                                                                                                                                                                                                                                                                                                                                                                                                                               
      5555 IVAN                                                                  1 CEU                                                                                                                                                                                                                                                                                                                                                                                                                              
      6666 CARMEN                                                                3 CD                                                                                                                                                                                                                                                                                                                                                                                                                               
      7777 MARIO                                                                 2 TU                                                                                                                                                                                                                                                                                                                                                                                                                               
      8888 FRANCISCO                                                             5 TU                                                                                                                                                                                                                                                                                                                                                                                                                               
      9999 ANGELA                                                                8 TEU                                                                                                                                                                                                                                                                                                                                                                                                                              
      1010 DAVID                                                                 4 TU                                                                                                                                                                                                                                                                                                                                                                                                                               
      2020 SOLEDAD                                                               7 CU                                                                                                                                                                                                                                                                                                                                                                                                                               
      3030 JOSE MANUEL                                                           6 TEU                                                                                                                                                                                                                                                                                                                                                                                                                              

14 rows selected.

SQL> exit
